dataset,size,num_samples,prompt,n_shots,model,base_method,cal_method,split,norm_error_rate:values,norm_error_rate,norm_error_rate:mean,norm_error_rate:median,norm_error_rate:std,norm_error_rate:Q1,norm_error_rate:Q3,norm_cross_entropy:values,norm_cross_entropy,norm_cross_entropy:mean,norm_cross_entropy:median,norm_cross_entropy:std,norm_cross_entropy:Q1,norm_cross_entropy:Q3,ece:values,ece,ece:mean,ece:median,ece:std,ece:Q1,ece:Q3
sst2,512,1024,encoder_sst2,0,roberta_base,full_ft,no_calibration,test,[0.24065421 0.21028037 0.22429907 0.22429907],0.225 ± 0.011,0.22488317757009346,0.22429906542056077,0.010754645233365627,0.22079439252336452,0.22838785046728974,[0.42950117 0.3621172  0.43260006 0.45453091],0.420 ± 0.035,0.41968733683180015,0.4310506139836273,0.03461013138116664,0.41265517702514687,0.4380827737902806,[0.03962887 0.01168991 0.04194209 0.05463932],0.037 ± 0.016,0.03697504720305603,0.04078548014637799,0.015677046697873672,0.03264412786955568,0.04511639947987835
banking77,1,77,encoder_banking77,0,roberta_base,full_ft,no_calibration,test,[1.00198675 1.00596026 0.93543046 1.00397351],0.987 ± 0.030,0.9868377483443709,1.0029801324503311,0.02971323902565833,0.9853476821192053,1.0044701986754967,[1.0083919  1.00803332 0.98923214 1.0079987 ],1.003 ± 0.008,1.0034140150159971,1.0080160122158541,0.008189356965024016,1.0033070593636648,1.0081229678681864,[0.00095107 0.00454948 0.04445119 0.00386483],0.013 ± 0.018,0.013454139816966491,0.004207150911745693,0.017947085658704294,0.0031363880607045507,0.014524902668007633
agnews,16,64,encoder_agnews,0,roberta_base,full_ft,no_calibration,test,[0.2045614  0.34754386 0.25964912 0.17684211],0.247 ± 0.065,0.2471491228070175,0.23210526315789473,0.06517695861371238,0.19763157894736844,0.28162280701754383,[0.37928262 0.47642648 0.39951795 0.35454319],0.402 ± 0.046,0.402442560023373,0.38940028574695856,0.04558757106041244,0.37309776298548025,0.41874508278485134,[0.13007078 0.0483115  0.01968729 0.13415098],0.083 ± 0.050,0.08305513941235171,0.08919114099234347,0.050109532403422516,0.041155446979534396,0.13109083342516079
sst2,32,64,encoder_sst2,0,roberta_base,full_ft,no_calibration,test,[0.64018692 1.         0.69392523 0.29439252 0.51635514],0.629 ± 0.231,0.6289719626168224,0.6401869158878505,0.23092529397324263,0.5163551401869159,0.6939252336448598,[1.01610395 1.03129559 0.95277351 0.64674765 0.74431403],0.878 ± 0.155,0.8782469483524243,0.9527735122088895,0.15460439664207237,0.7443140342581926,1.0161039528930902,[0.16069852 0.10302269 0.11510062 0.09752984 0.0542355 ],0.106 ± 0.034,0.10611743428951088,0.10302269191683144,0.03416094721410587,0.09752984427336693,0.11510061771864671
banking77,4,308,encoder_banking77,0,roberta_base,full_ft,no_calibration,test,[0.59139073 0.61655629 0.61490066 0.6589404 ],0.620 ± 0.024,0.6204470198675497,0.615728476821192,0.02435111922658557,0.609023178807947,0.6271523178807946,[0.7139567  0.74326896 0.72699916 0.73549821],0.730 ± 0.011,0.7299307568835142,0.7312486838962897,0.010870477400988078,0.7237385420368799,0.737440898742924,[0.32245183 0.28601632 0.28548216 0.23951019],0.283 ± 0.029,0.2833651239936015,0.28574923629840043,0.029421661779306652,0.27398916468468326,0.29512519560731865
agnews,4,16,encoder_agnews,0,roberta_base,full_ft,no_calibration,test,[0.68578947 0.80824561 0.74526316 1.        ],0.810 ± 0.118,0.8098245614035088,0.7767543859649122,0.11802761152450356,0.7303947368421053,0.8561842105263158,[0.95777712 0.9014922  0.96820487 0.99929527],0.957 ± 0.035,0.9566923649714525,0.9629909956640179,0.03534041537150948,0.9437058893630824,0.975977471272388,[0.10864678 0.14706801 0.08780353 0.0230918 ],0.092 ± 0.045,0.09165252906651856,0.09822515304708326,0.04493069245513575,0.07162559411998298,0.11825208799361885
banking77,64,4928,encoder_banking77,0,roberta_base,full_ft,no_calibration,test,[0.09304636 0.08807947 0.09635762 0.09072848],0.092 ± 0.003,0.09205298013245033,0.09188741721854304,0.003043837137557987,0.09006622516556291,0.09387417218543047,[0.09397317 0.08721058 0.09142694 0.09216873],0.091 ± 0.002,0.09119485696982951,0.09179783488303964,0.002479706439257771,0.09037284791370576,0.0926198439391634,[0.01476173 0.02183957 0.0316671  0.04286476],0.028 ± 0.011,0.0277832905195034,0.026753336364788105,0.010576193530176624,0.020070113009091138,0.03446651387520037
dbpedia,128,1792,encoder_dbpedia,0,roberta_base,full_ft,no_calibration,test,[0.01945828 0.01525529],0.017 ± 0.002,0.01735678704856787,0.01735678704856787,0.002101494396014943,0.016306039850560398,0.01840753424657534,[0.0300831  0.02583024],0.028 ± 0.002,0.027956670828200546,0.027956670828200546,0.002126428945501857,0.026893456355449617,0.029019885300951474,[0.00765543 0.00480665],0.006 ± 0.001,0.00623103823634844,0.00623103823634844,0.0014243898542781368,0.005518843309209372,0.006943233163487508
agnews,256,1024,encoder_agnews,0,roberta_base,full_ft,no_calibration,test,[0.13877193 0.13596491 0.14403509 0.13666667],0.139 ± 0.003,0.13885964912280702,0.13771929824561402,0.0031615475949017687,0.13649122807017544,0.14008771929824562,[0.23960292 0.23583084 0.24301786 0.23570611],0.239 ± 0.003,0.23853943335498554,0.23771688151312842,0.003022892210593112,0.23579966035837013,0.24045665450974382,[0.04156332 0.02313337 0.01604859 0.01425775],0.024 ± 0.011,0.023750757877935125,0.019590980515597475,0.010806356427744423,0.015600879320120479,0.02774085907341212
dbpedia,8,112,encoder_dbpedia,0,roberta_base,full_ft,no_calibration,test,[0.07238481 0.08281445 0.06942715 0.14912827],0.093 ± 0.033,0.09343866749688667,0.07759962640099627,0.03253468880600608,0.07164539227895393,0.09939290161892901,[0.11533396 0.1141006  0.10668948 0.16984459],0.126 ± 0.025,0.1264921536927831,0.11471727593561878,0.025246958778381533,0.11224781509985139,0.12896161452855048,[0.09331044 0.06680737 0.06774414 0.06326145],0.073 ± 0.012,0.07278085212023397,0.06727575885865553,0.011970108539255349,0.06592089292119865,0.07413571805769086
dbpedia,2,28,encoder_dbpedia,0,roberta_base,full_ft,no_calibration,test,[0.44364882 0.52054795 0.5867061  0.4497198 ],0.500 ± 0.058,0.5001556662515566,0.4851338729763387,0.05840296126510413,0.4482020547945205,0.5370874844333748,[0.63880001 0.6737414  0.72324296 0.60035348],0.659 ± 0.045,0.6590344616772359,0.6562707016642121,0.045254600426324065,0.6291883757443554,0.6861167875970927,[0.11075074 0.06443254 0.03192525 0.14865601],0.089 ± 0.044,0.08894113366859413,0.08759163732312865,0.04442129720923378,0.056305715671859644,0.12022705531986314
sst2,8,16,encoder_sst2,0,roberta_base,full_ft,no_calibration,test,[0.81775701 1.03738318 1.         0.95560748 1.        ],0.962 ± 0.077,0.9621495327102803,1.0,0.0767038673969465,0.955607476635514,1.0,[0.99926405 1.01283219 1.00200841 0.98387658 1.00469426],1.001 ± 0.009,1.0005350958327441,1.0020084095317536,0.009484826675359237,0.9992640460061069,1.0046942574496487,[0.08187525 0.10906492 0.03259884 0.10350664 0.04094606],0.074 ± 0.032,0.07359834151433525,0.08187525218802472,0.03152149546962674,0.04094605553178299,0.10350664246915176
sst2,512,1024,basic_sst2_0-shot_litgpt,0,lm_llama3,no_adaptation,no_calibration,test,[0.95794393 0.95794393 0.95794393 0.95794393 0.95794393],0.958 ± 0.000,0.9579439252336449,0.9579439252336449,0.0,0.9579439252336449,0.9579439252336449,[1.04698837 1.04728649 1.04784347 1.04606289 1.04728649],1.047 ± 0.001,1.0470935430176591,1.0472864896394376,0.0005848334697308619,1.0469883747756954,1.0472864896394376,[0.29704305 0.29617934 0.29551802 0.29858281 0.29617934],0.297 ± 0.001,0.2967005085910543,0.29617933679881303,0.0010584813311630085,0.29617933679881303,0.2970430462066112
sst2,512,1024,basic_sst2_0-shot_litgpt,0,lm_llama3,no_adaptation,temp_scaling,test,[0.95794393 0.95794393 0.95794393 0.95794393 0.95794393],0.958 ± 0.000,0.9579439252336449,0.9579439252336449,0.0,0.9579439252336449,0.9579439252336449,[0.89760864 0.89844075 0.89768825 0.89782045 0.89756962],0.898 ± 0.000,0.8978255422797078,0.897688247235599,0.00031934057017579784,0.8976086400940341,0.897820453404031,[0.28689432 0.25949597 0.28542707 0.26211426 0.28724609],0.276 ± 0.013,0.27623554161121006,0.2854270718228217,0.012640804980476698,0.2621142583085027,0.28689431550871697
sst2,512,1024,basic_sst2_0-shot_litgpt,0,lm_llama3,no_adaptation,bias_only,test,[0.2546729  0.27336449 0.25700935 0.26869159 0.26869159],0.264 ± 0.007,0.26448598130841117,0.2686915887850467,0.007299298762529577,0.2570093457943925,0.2686915887850467,[0.63975921 0.64213977 0.64061974 0.64261899 0.64104266],0.641 ± 0.001,0.6412360751954974,0.6410426642023495,0.0010322321796262801,0.640619737774077,0.6421397748537202,[0.19735232 0.18965045 0.19719381 0.19158618 0.1919012 ],0.194 ± 0.003,0.19353679243492633,0.19190120104697914,0.0031469262430166133,0.1915861847275346,0.197193811675932
sst2,512,1024,basic_sst2_0-shot_litgpt,0,lm_llama3,no_adaptation,affine_scalar,test,[0.27570093 0.30373832 0.28037383 0.31074766 0.30373832],0.295 ± 0.014,0.29485981308411213,0.3037383177570093,0.01404980969941393,0.28037383177570097,0.3037383177570093,[0.45174376 0.48043288 0.46585822 0.49208816 0.47536228],0.473 ± 0.014,0.4730970610707782,0.4753622827320718,0.013623301471735226,0.4658582207705299,0.4804328790356832,[0.01056806 0.01272897 0.01164535 0.00818439 0.02400259],0.013 ± 0.005,0.013425873504001937,0.011645351504666458,0.00549841952842331,0.010568062908843075,0.012728973480841621
sst2,512,1024,basic_sst2_0-shot_litgpt,0,lm_llama3,lora,no_calibration,test,[0.12850467 0.10046729 0.13551402 0.12383178 0.09813084],0.117 ± 0.015,0.11728971962616823,0.1238317757009346,0.015170731851166285,0.10046728971962618,0.12850467289719625,[0.26177555 0.20492859 0.26882785 0.25125747 0.22399994],0.242 ± 0.024,0.24215788120712994,0.2512574717698167,0.024061060537664727,0.22399994294538592,0.26177555247796225,[0.02020801 0.01750246 0.02638282 0.01492257 0.00886139],0.018 ± 0.006,0.017575450568730357,0.017502455313910047,0.0057875395770732455,0.014922572885987024,0.020208012220178147
sst2,512,1024,basic_sst2_0-shot_litgpt,0,lm_llama3,lora,affine_scalar_train_on_val,test,[0.0911215  0.09813084 0.11682243 0.10981308 0.09579439],0.102 ± 0.010,0.10233644859813085,0.09813084112149534,0.009507939228680283,0.0957943925233645,0.10981308411214954,[0.1986391  0.2030854  0.23544707 0.2216543  0.20642107],0.213 ± 0.014,0.21304938786636388,0.20642107032804613,0.01361302789710143,0.20308540204931236,0.22165430417262721,[0.01799323 0.01555565 0.02488476 0.01392369 0.00586644],0.016 ± 0.006,0.015644753552576773,0.015555654840330557,0.006155946971133473,0.013923690521459257,0.017993225729701818
sst2,16,32,basic_sst2_0-shot_litgpt,0,lm_llama3,no_adaptation,no_calibration,test,[0.95794393 0.95794393 0.95794393 0.95794393 0.95794393],0.958 ± 0.000,0.9579439252336449,0.9579439252336449,0.0,0.9579439252336449,0.9579439252336449,[1.04606289 1.04728649 1.04698837 1.04784347 1.04728649],1.047 ± 0.001,1.0470935430176591,1.0472864896394376,0.0005848334697308619,1.0469883747756954,1.0472864896394376,[0.29858281 0.29617934 0.29704305 0.29551802 0.29617934],0.297 ± 0.001,0.2967005085910543,0.29617933679881303,0.0010584813311630085,0.29617933679881303,0.2970430462066112
banking77,1,77,basic_banking77_0-shot_litgpt,0,lm_llama3,no_adaptation,no_calibration,test,[0.79900662 0.79900662 0.79900662 0.79900662 0.79900662],0.799 ± 0.000,0.7990066225165563,0.7990066225165563,0.0,0.7990066225165563,0.7990066225165563,[1.32701681 1.32701681 1.32701681 1.32701681 1.32701681],1.327 ± 0.000,1.32701680784896,1.32701680784896,0.0,1.32701680784896,1.32701680784896,[0.4477295 0.4477295 0.4477295 0.4477295 0.4477295],0.448 ± 0.000,0.44772950170349823,0.44772950170349823,0.0,0.44772950170349823,0.44772950170349823
banking77,1,77,basic_banking77_0-shot_litgpt,0,lm_llama3,no_adaptation,temp_scaling,test,[0.79900662 0.79900662 0.79900662 0.79900662 0.79900662],0.799 ± 0.000,0.7990066225165563,0.7990066225165563,0.0,0.7990066225165563,0.7990066225165563,[0.79386602 0.79387466 0.79495165 0.79690132 0.79381038],0.795 ± 0.001,0.7946808051129695,0.793874660087114,0.0011895731355483948,0.7938660169230461,0.7949516475648353,[0.05125601 0.05217821 0.03833971 0.03578534 0.05348042],0.046 ± 0.008,0.04620793919256293,0.051256012452479294,0.007543948355200593,0.03833970608805509,0.05217821146074274
banking77,1,77,basic_banking77_0-shot_litgpt,0,lm_llama3,no_adaptation,bias_only,test,[0.5384106  0.55562914 0.55728477 0.51523179 0.34834437],0.503 ± 0.079,0.5029801324503311,0.53841059602649,0.07878902327196119,0.5152317880794701,0.5556291390728477,[0.57488841 0.69199397 0.64518551 0.63511496 0.29580902],0.569 ± 0.141,0.5685983761715392,0.6351149563372915,0.14140022113751746,0.5748884149303245,0.6451855130496197,[0.14828027 0.16261357 0.14368972 0.10077977 0.04877027],0.121 ± 0.042,0.12082671805834225,0.14368971841140815,0.04151281190115022,0.10077976502670596,0.1482802689023479
banking77,1,77,basic_banking77_0-shot_litgpt,0,lm_llama3,no_adaptation,affine_scalar,test,[0.49205298 0.47119205 0.50662252 0.4897351  0.34801325],0.462 ± 0.058,0.46152317880794697,0.4897350993377483,0.05786177267861325,0.4711920529801324,0.4920529801324503,[0.4913191  0.5417318  0.54370267 0.52043625 0.29309801],0.478 ± 0.094,0.47805756644443653,0.5204362488476207,0.09438807829355571,0.4913190988294956,0.5417318005660817,[0.13158696 0.17612888 0.16191651 0.05136846 0.03361162],0.111 ± 0.058,0.11092248280607389,0.13158696054323546,0.05797057362441701,0.051368455169150215,0.16191650515025544
banking77,1,77,basic_banking77_0-shot_litgpt,0,lm_llama3,lora,no_calibration,test,[0.62251656 0.58311258 0.59006623 0.57549669 0.31788079],0.538 ± 0.111,0.5378145695364237,0.583112582781457,0.11112819579287615,0.5754966887417218,0.590066225165563,[0.93730559 0.86654688 0.899221   0.7824625  0.27363893],0.752 ± 0.244,0.7518349795706204,0.8665468776402451,0.24449552797723656,0.7824624960843289,0.8992210030470098,[0.30466939 0.22325985 0.27711945 0.25073234 0.06862116],0.225 ± 0.083,0.22488043761165538,0.2507323359722056,0.08268385377889965,0.22325985171047974,0.2771194515298623
banking77,1,77,basic_banking77_0-shot_litgpt,0,lm_llama3,lora,affine_scalar_train_on_val,test,[0.5692053  0.50364238 0.52450331 0.55198675 0.25496689],0.481 ± 0.115,0.4808609271523179,0.5245033112582781,0.11516542962568786,0.5036423841059603,0.5519867549668874,[0.71020833 0.5379346  0.54173027 0.55889942 0.20634215],0.511 ± 0.165,0.5110229544179988,0.5417302678611116,0.16520565088727707,0.53793460029092,0.5588994210940509,[0.30507813 0.03152711 0.15173955 0.07930204 0.03428981],0.120 ± 0.102,0.12038732911100516,0.07930204375890543,0.1020691685779886,0.03428981409067833,0.15173954551761293
agnews,16,64,basic_agnews_0-shot_litgpt,0,lm_llama3,no_adaptation,no_calibration,test,[0.41508772 0.41578947 0.41508772 0.41508772 0.41508772],0.415 ± 0.000,0.41522807017543856,0.4150877192982456,0.0002807017543859702,0.4150877192982456,0.4150877192982456,[1.07619079 1.07596286 1.07619079 1.07623657 1.07619079],1.076 ± 0.000,1.0761543628455348,1.0761907937638453,9.737839344569146e-05,1.0761907937638453,1.0761907937638453,[0.14958052 0.15005218 0.14958052 0.14957723 0.14958052],0.150 ± 0.000,0.1496741961569147,0.1495805213298666,0.00018899819377902227,0.1495805213298666,0.1495805213298666
dbpedia,2,28,basic_dbpedia_0-shot_litgpt,0,lm_llama3,no_adaptation,no_calibration,test,[0.51089664 0.51183064 0.51183064 0.51089664 0.51183064],0.511 ± 0.000,0.5114570361145703,0.5118306351183063,0.00045756346378260837,0.5108966376089664,0.5118306351183063,[1.16767407 1.16707768 1.16709819 1.16767407 1.16722837],1.167 ± 0.000,1.1673504750584245,1.1672283661361227,0.000269222068674406,1.1670981948635697,1.1676740696207761,[0.15160809 0.15268979 0.15273382 0.15160809 0.15269528],0.152 ± 0.001,0.15226701433443351,0.1526897889629015,0.0005382243476022609,0.15160808889379035,0.15269528288054227
dbpedia,2,28,basic_dbpedia_0-shot_litgpt,0,lm_llama3,no_adaptation,temp_scaling,test,[0.51089664 0.51183064 0.51183064 0.51089664 0.51183064],0.511 ± 0.000,0.5114570361145703,0.5118306351183063,0.00045756346378260837,0.5108966376089664,0.5118306351183063,[0.81847727 0.80647556 0.7937444  0.81244087 0.79702672],0.806 ± 0.009,0.8056329626023068,0.8064755575944209,0.009245963912653647,0.7970267171527091,0.8124408735144303,[0.21767438 0.24424167 0.27656565 0.2323279  0.25373434],0.245 ± 0.020,0.24490878769843719,0.2442416694123639,0.019902182028094125,0.23232789700975576,0.25373434167366427
dbpedia,2,28,basic_dbpedia_0-shot_litgpt,0,lm_llama3,no_adaptation,bias_only,test,[0.27988792 0.248599   0.28860523 0.31958281 0.32970112],0.293 ± 0.029,0.29327521793275213,0.2886052303860523,0.029037660616345953,0.2798879202988792,0.31958281444582815,[0.50376788 0.35976173 0.45955284 0.45931425 0.45556878],0.448 ± 0.047,0.4475930954757411,0.45931424578467195,0.047358181378010455,0.45556877601128815,0.45955284096990723,[0.05854589 0.0571527  0.02593326 0.05485667 0.02611472],0.045 ± 0.015,0.04452064759000166,0.054856674436751615,0.015148457603817079,0.026114718387372726,0.05715269824430119
dbpedia,2,28,basic_dbpedia_0-shot_litgpt,0,lm_llama3,no_adaptation,affine_scalar,test,[0.2758406  0.29483188 0.29467621 0.376868   0.3367061 ],0.316 ± 0.036,0.3157845579078456,0.2948318804483188,0.03646640678964581,0.2946762141967621,0.33670610211706103,[0.45055102 0.36736796 0.46549967 0.47224409 0.42389643],0.436 ± 0.038,0.4359118335846122,0.4505510159225835,0.038085194988384835,0.42389642801980204,0.4654996721623839,[0.05650265 0.02590392 0.09726098 0.08706587 0.07411033],0.068 ± 0.025,0.06816875072852793,0.07411032763831239,0.025144283090412868,0.05650265251687514,0.08706586747005826
dbpedia,2,28,basic_dbpedia_0-shot_litgpt,0,lm_llama3,lora,no_calibration,test,[0.39959527 0.2112391  0.14430262 0.32394147 0.27241594],0.270 ± 0.088,0.27029887920298873,0.2724159402241594,0.0882753433265118,0.21123910336239105,0.32394146948941466,[0.67210648 0.38873772 0.23362354 0.48560485 0.29161358],0.414 ± 0.155,0.41433723264073413,0.3887377163624178,0.15485343231260246,0.2916135770299636,0.4856048494202159,[0.23184934 0.03667057 0.04355394 0.09833042 0.057986  ],0.094 ± 0.072,0.09367805334917512,0.05798600011265429,0.072317565188614,0.04355393703377089,0.0983304248525625
dbpedia,2,28,basic_dbpedia_0-shot_litgpt,0,lm_llama3,lora,affine_scalar_train_on_val,test,[0.38325031 0.12157534 0.14290162 0.31475716 0.23957036],0.240 ± 0.100,0.2404109589041096,0.23957036114570363,0.09956015270889881,0.1429016189290162,0.31475716064757164,[0.66704901 0.1679865  0.23919872 0.49525547 0.27060996],0.368 ± 0.185,0.3680199332742623,0.2706099620240897,0.18531284436688797,0.23919871848904614,0.49525547112872703,[0.22710451 0.05867372 0.02917711 0.10483517 0.04793886],0.094 ± 0.071,0.09354587258908961,0.05867371976850922,0.07128079862929194,0.047938860211299304,0.10483516564948411
dbpedia,128,1792,basic_dbpedia_0-shot_litgpt,0,lm_llama3,no_adaptation,no_calibration,test,[0.51183064 0.51183064 0.51183064 0.51089664 0.51089664],0.511 ± 0.000,0.5114570361145703,0.5118306351183063,0.0004575634637826083,0.5108966376089664,0.5118306351183063,[1.16722837 1.16709819 1.16707768 1.16767407 1.16767407],1.167 ± 0.000,1.1673504750584243,1.1672283661361227,0.00026922206867440596,1.1670981948635697,1.1676740696207761,[0.15269528 0.15273382 0.15268979 0.15160809 0.15160809],0.152 ± 0.001,0.15226701433443351,0.1526897889629015,0.0005382243476022609,0.15160808889379035,0.15269528288054227
dbpedia,128,1792,basic_dbpedia_0-shot_litgpt,0,lm_llama3,no_adaptation,temp_scaling,test,[0.51183064 0.51183064 0.51183064 0.51089664 0.51089664],0.511 ± 0.000,0.5114570361145703,0.5118306351183063,0.0004575634637826083,0.5108966376089664,0.5118306351183063,[0.7938721  0.79483481 0.793654   0.79390228 0.79389098],0.794 ± 0.000,0.7940308326391083,0.7938909778187665,0.0004122307844794062,0.7938720952320579,0.7939022790728459,[0.27409575 0.25907069 0.29432167 0.28517457 0.28734267],0.280 ± 0.012,0.280001070968939,0.28517456937723973,0.01231825797054385,0.27409574697870587,0.2873426712460274
dbpedia,128,1792,basic_dbpedia_0-shot_litgpt,0,lm_llama3,no_adaptation,bias_only,test,[0.18539851 0.18259651 0.18617684 0.18929016 0.18695517],0.186 ± 0.002,0.18608343711083436,0.18617683686176836,0.002176211969776,0.18539850560398508,0.18695516811955168,[0.24947273 0.25249744 0.24980644 0.24944873 0.2487971 ],0.250 ± 0.001,0.25000448709585904,0.24947273316235005,0.001288675846537376,0.24944872521133615,0.24980643836698282,[0.12204449 0.1277626  0.12416982 0.11762721 0.11944312],0.122 ± 0.004,0.12220944552601083,0.12204449008205288,0.0035596977640588658,0.11944311680733281,0.12416981599804307
dbpedia,128,1792,basic_dbpedia_0-shot_litgpt,0,lm_llama3,no_adaptation,affine_scalar,test,[0.18508717 0.18306351 0.1872665  0.18617684 0.18757783],0.186 ± 0.002,0.18583437110834372,0.18617683686176836,0.0016397501970440436,0.18508717310087172,0.187266500622665,[0.23112768 0.23471512 0.23251435 0.23292139 0.23067078],0.232 ± 0.001,0.23238986380114116,0.23251435148958777,0.0014320068680414603,0.23112768177052972,0.23292138542205942,[0.02737671 0.03668967 0.04441895 0.0528185  0.03636029],0.040 ± 0.009,0.03953282337603673,0.036689670625057035,0.0085592397230138,0.036360289102603194,0.04441894866072123
dbpedia,128,1792,basic_dbpedia_0-shot_litgpt,0,lm_llama3,lora,no_calibration,test,[0.09744707 0.10087173 0.02117061 0.09433375 0.02724159],0.068 ± 0.036,0.06821295143212952,0.09433374844333749,0.03604208597462866,0.02724159402241594,0.09744707347447074,[0.1678427  0.20722257 0.0321822  0.11118141 0.03519331],0.111 ± 0.070,0.11072443702706561,0.11118141192561211,0.0699262851955512,0.03519330797059852,0.16784269505261293,[0.04209557 0.04786674 0.00846736 0.04935546 0.00659135],0.031 ± 0.019,0.030875294975667166,0.04209557142479496,0.019224704297110314,0.008467356309215033,0.04786674427615889
dbpedia,128,1792,basic_dbpedia_0-shot_litgpt,0,lm_llama3,lora,affine_scalar_train_on_val,test,[0.0138543  0.01369863 0.01681196 0.01541096 0.01276463],0.015 ± 0.001,0.014508094645080946,0.013854296388542964,0.0014314525445295958,0.013698630136986302,0.01541095890410959,[0.01904853 0.0225231  0.02294482 0.01978245 0.02022218],0.021 ± 0.002,0.020904216349731837,0.020222181750255096,0.001546088718734061,0.01978244570225003,0.022523100577395996,[0.00272711 0.0032166  0.00315856 0.00213023 0.0055947 ],0.003 ± 0.001,0.0033654397616976776,0.0031585562874763026,0.001180487812313572,0.0027271063522683898,0.003216602647315582
banking77,4,308,basic_banking77_0-shot_litgpt,0,lm_llama3,no_adaptation,no_calibration,test,[0.79900662 0.79900662 0.79900662 0.79900662 0.79900662],0.799 ± 0.000,0.7990066225165563,0.7990066225165563,0.0,0.7990066225165563,0.7990066225165563,[1.32701681 1.32701681 1.32701681 1.32701681 1.32701681],1.327 ± 0.000,1.32701680784896,1.32701680784896,0.0,1.32701680784896,1.32701680784896,[0.4477295 0.4477295 0.4477295 0.4477295 0.4477295],0.448 ± 0.000,0.44772950170349823,0.44772950170349823,0.0,0.44772950170349823,0.44772950170349823
agnews,4,16,basic_agnews_0-shot_litgpt,0,lm_llama3,no_adaptation,no_calibration,test,[0.41508772 0.41508772 0.41508772 0.41508772 0.41508772],0.415 ± 0.000,0.4150877192982456,0.4150877192982456,0.0,0.4150877192982456,0.4150877192982456,[1.07619079 1.07619079 1.07619079 1.07619079 1.07619079],1.076 ± 0.000,1.0761907937638453,1.0761907937638453,0.0,1.0761907937638453,1.0761907937638453,[0.14958052 0.14958052 0.14958052 0.14958052 0.14958052],0.150 ± 0.000,0.1495805213298666,0.1495805213298666,0.0,0.1495805213298666,0.1495805213298666
agnews,4,16,basic_agnews_0-shot_litgpt,0,lm_llama3,no_adaptation,temp_scaling,test,[0.41508772 0.41508772 0.41508772 0.41508772 0.41508772],0.415 ± 0.000,0.4150877192982456,0.4150877192982456,0.0,0.4150877192982456,0.4150877192982456,[0.85923372 0.76214939 0.77739386 0.78046588 0.85298133],0.806 ± 0.041,0.8064448378519291,0.7804658836088387,0.041068879736944786,0.7773938589755663,0.8529813348141685,[0.07493614 0.1732048  0.21499756 0.07240588 0.07304869],0.122 ± 0.061,0.12171861455706656,0.07493613917978283,0.06056549724483129,0.07304869158953864,0.17320480360607016
agnews,4,16,basic_agnews_0-shot_litgpt,0,lm_llama3,no_adaptation,bias_only,test,[0.34157895 0.34140351 0.37719298 0.32614035 0.32947368],0.343 ± 0.018,0.3431578947368421,0.3414035087719298,0.01811525632007488,0.3294736842105263,0.34157894736842104,[0.57256782 0.44844475 0.48006296 0.45077143 0.52383644],0.495 ± 0.047,0.49513668128933236,0.4800629648832565,0.04731783349838409,0.45077143146640725,0.5238364443868296,[0.07410366 0.01589604 0.01476137 0.0333753  0.05224526],0.038 ± 0.023,0.03807632576393769,0.03337529517398616,0.022611412657958223,0.01589603993630807,0.05224526136944855
agnews,4,16,basic_agnews_0-shot_litgpt,0,lm_llama3,no_adaptation,affine_scalar,test,[0.32561404 0.31947368 0.39403509 0.32649123 0.34754386],0.343 ± 0.027,0.3426315789473684,0.32649122807017544,0.02739652178600539,0.3256140350877193,0.34754385964912277,[0.70654084 0.42625464 0.50882989 0.45071186 0.58659308],0.536 ± 0.102,0.5357860613919906,0.5088298855771948,0.10168572720001032,0.4507118613359796,0.5865930823573882,[0.16913582 0.02222412 0.02494355 0.03241875 0.01631149],0.053 ± 0.058,0.053006746329521334,0.024943547561967983,0.05829490952484539,0.02222411900367936,0.032418750111956246
agnews,4,16,basic_agnews_0-shot_litgpt,0,lm_llama3,lora,no_calibration,test,[0.36719298 0.19877193 0.36596491 0.30964912 0.24140351],0.297 ± 0.067,0.2965964912280702,0.30964912280701756,0.06720435064841945,0.24140350877192984,0.36596491228070177,[0.50835735 0.31465953 0.45169314 0.40682589 0.34077625],0.404 ± 0.071,0.4044624312896873,0.4068258877992883,0.07092386045756952,0.34077624855112093,0.45169313507054054,[0.13789008 0.04499118 0.03582058 0.05382415 0.01796495],0.058 ± 0.042,0.05809818851176755,0.04499117834183433,0.041626373057146344,0.035820582246805566,0.05382415491236903
agnews,4,16,basic_agnews_0-shot_litgpt,0,lm_llama3,lora,affine_scalar_train_on_val,test,[0.27877193 0.22789474 0.25508772 0.27578947 0.24035088],0.256 ± 0.020,0.25557894736842107,0.25508771929824564,0.01972273179821922,0.24035087719298245,0.27578947368421053,[0.89014324 1.92680764 0.38496422 0.80262779 0.40443838],0.882 ± 0.561,0.8817962543763841,0.8026277932223074,0.5609097462280647,0.40443837544693295,0.8901432446355647,[0.16678499 0.14969015 0.06507896 0.14932242 0.09429828],0.125 ± 0.039,0.12503496119904295,0.1493224179987305,0.038678907386151484,0.09429827813074057,0.14969015316479514
banking77,64,4928,basic_banking77_0-shot_litgpt,0,lm_llama3,no_adaptation,no_calibration,test,[0.79900662 0.79900662 0.79900662 0.79900662 0.79900662],0.799 ± 0.000,0.7990066225165563,0.7990066225165563,0.0,0.7990066225165563,0.7990066225165563,[1.32701681 1.32701681 1.32701681 1.32701681 1.32701681],1.327 ± 0.000,1.32701680784896,1.32701680784896,0.0,1.32701680784896,1.32701680784896,[0.4477295 0.4477295 0.4477295 0.4477295 0.4477295],0.448 ± 0.000,0.44772950170349823,0.44772950170349823,0.0,0.44772950170349823,0.44772950170349823
banking77,64,4928,basic_banking77_0-shot_litgpt,0,lm_llama3,no_adaptation,temp_scaling,test,[0.79900662 0.79900662 0.79900662 0.79900662 0.79900662],0.799 ± 0.000,0.7990066225165563,0.7990066225165563,0.0,0.7990066225165563,0.7990066225165563,[0.79376278 0.79409051 0.79375992 0.79376457 0.79376451],0.794 ± 0.000,0.7938284585737109,0.7937645054538182,0.00013103747860052802,0.7937627788939459,0.7937645747672654,[0.05848113 0.04666336 0.05934866 0.06166914 0.06166065],0.058 ± 0.006,0.05756458635826696,0.05934865508177956,0.005594365439510836,0.05848112829433942,0.06166064589545006
banking77,64,4928,basic_banking77_0-shot_litgpt,0,lm_llama3,no_adaptation,bias_only,test,[0.32615894 0.32748344 0.32649007 0.32715232 0.32549669],0.327 ± 0.001,0.32655629139072845,0.3264900662251656,0.0007070912749689645,0.326158940397351,0.3271523178807947,[0.27984325 0.27976945 0.28017286 0.28005626 0.27939335],0.280 ± 0.000,0.2798470343659307,0.27984325179727304,0.00026899728667592257,0.2797694498615209,0.280056260804641,[0.05542541 0.05885905 0.05744221 0.05482363 0.05362514],0.056 ± 0.002,0.056035088465727946,0.05542540545553368,0.0018762686448213052,0.05482363348284842,0.05744221379354237
banking77,64,4928,basic_banking77_0-shot_litgpt,0,lm_llama3,no_adaptation,affine_scalar,test,[0.32483444 0.32781457 0.32748344 0.32847682 0.32483444],0.327 ± 0.002,0.3266887417218543,0.32748344370860927,0.0015474597941123015,0.3248344370860927,0.32781456953642385,[0.27730314 0.27725095 0.27770463 0.27756503 0.2769925 ],0.277 ± 0.000,0.2773632481112204,0.2773031401496334,0.0002493722286209936,0.27725094568489245,0.27756502720938503,[0.019084   0.03107876 0.0294496  0.02838368 0.03222761],0.028 ± 0.005,0.028044730458071404,0.029449601909847578,0.004670870444125794,0.028383678876311727,0.031078764180434683
banking77,64,4928,basic_banking77_0-shot_litgpt,0,lm_llama3,lora,no_calibration,test,[0.22649007 0.18178808 0.16754967 0.24205298 0.18609272],0.201 ± 0.028,0.20079470198675495,0.18609271523178808,0.028443380950860842,0.18178807947019865,0.22649006622516554,[0.20799371 0.15800233 0.15163762 0.2051643  0.16538094],0.178 ± 0.024,0.1776357799154788,0.1653809430105919,0.024045712183139827,0.15800232831051914,0.20516430271038,[0.06692177 0.04925068 0.03682049 0.05182282 0.06416253],0.054 ± 0.011,0.05379565900098428,0.05182281687999611,0.010885515821205616,0.04925067769114749,0.06416253482739308
banking77,64,4928,basic_banking77_0-shot_litgpt,0,lm_llama3,lora,affine_scalar_train_on_val,test,[0.13476821 0.10562914 0.10629139 0.11887417 0.11423841],0.116 ± 0.011,0.11596026490066225,0.11423841059602648,0.010634037781016712,0.1062913907284768,0.11887417218543045,[0.10929486 0.08799913 0.09130622 0.09621589 0.08928114],0.095 ± 0.008,0.09481944805463209,0.09130621527350964,0.007759125491546262,0.08928114136207452,0.09621589429811124,[0.03190249 0.02057253 0.02541208 0.02269908 0.01861589],0.024 ± 0.005,0.023840413985603374,0.022699076387116757,0.004620488721920884,0.020572533949475037,0.025412077307415973
20newsgroups,128,2560,basic_20newsgroups_0-shot_litgpt,0,lm_llama3,no_adaptation,no_calibration,test,[0.62273938 0.62301977 0.62301977 0.62273938 0.62273938],0.623 ± 0.000,0.6228515351184635,0.622739380344876,0.0001373609837534605,0.622739380344876,0.6230197672788449,[0.92603566 0.92638722 0.92638722 0.92603566 0.92603566],0.926 ± 0.000,0.9261762850229595,0.926035662522026,0.00017222668682055823,0.926035662522026,0.9263872187743597,[0.28731674 0.2879063  0.2879063  0.28731674 0.28731674],0.288 ± 0.000,0.28755256534388646,0.2873167441344333,0.0002888208168430892,0.2873167441344333,0.28790629715806615
20newsgroups,128,2560,basic_20newsgroups_0-shot_litgpt,0,lm_llama3,no_adaptation,temp_scaling,test,[0.62273938 0.62301977 0.62301977 0.62273938 0.62273938],0.623 ± 0.000,0.6228515351184635,0.622739380344876,0.0001373609837534605,0.622739380344876,0.6230197672788449,[0.68818129 0.68816016 0.68749755 0.68789137 0.68762542],0.688 ± 0.000,0.6878711575720711,0.6878913746118378,0.00027571038117957844,0.6876254186108675,0.688160157449489,[0.02703555 0.02651559 0.04469678 0.02911289 0.03225641],0.032 ± 0.007,0.03192344331815287,0.02911288794279755,0.006697830638571516,0.027035546936661704,0.03225640875171985
20newsgroups,128,2560,basic_20newsgroups_0-shot_litgpt,0,lm_llama3,no_adaptation,bias_only,test,[0.35440908 0.35889528 0.35889528 0.35637179 0.35482966],0.357 ± 0.002,0.3566802187018085,0.3563717930744428,0.0019230537725481343,0.3548296649376139,0.35889527548016265,[0.38121797 0.3795797  0.37827596 0.3786543  0.38001384],0.380 ± 0.001,0.3795483521097411,0.3795797018784174,0.0010414977660707298,0.3786542987817257,0.3800138352712061,[0.02518878 0.0239096  0.0290207  0.02214788 0.02104294],0.024 ± 0.003,0.024261980519560265,0.023909599271940935,0.002773451111820945,0.022147880111761786,0.025188783299155575
20newsgroups,128,2560,basic_20newsgroups_0-shot_litgpt,0,lm_llama3,no_adaptation,affine_scalar,test,[0.3541287  0.35777373 0.35875508 0.35637179 0.35356792],0.356 ± 0.002,0.35611944483387076,0.3563717930744428,0.0020109823162249873,0.3541286976026917,0.3577737277442871,[0.37849011 0.37691    0.37657026 0.37690664 0.37791389],0.377 ± 0.001,0.3773581784695382,0.3769099959367049,0.0007232780745812836,0.3769066358258991,0.37791389456089025,[0.01859103 0.01799494 0.01931841 0.01552023 0.01611754],0.018 ± 0.001,0.01750842970969676,0.017994941547804597,0.001454114573185595,0.016117542753392833,0.018591026074574434
agnews,256,1024,basic_agnews_0-shot_litgpt,0,lm_llama3,no_adaptation,no_calibration,test,[0.41578947 0.41508772 0.41508772 0.41508772 0.41508772],0.415 ± 0.000,0.41522807017543856,0.4150877192982456,0.0002807017543859702,0.4150877192982456,0.4150877192982456,[1.07596286 1.07623657 1.07619079 1.07619079 1.07619079],1.076 ± 0.000,1.0761543628455348,1.0761907937638453,9.737839344569146e-05,1.0761907937638453,1.0761907937638453,[0.15005218 0.14957723 0.14958052 0.14958052 0.14958052],0.150 ± 0.000,0.14967419615691466,0.1495805213298666,0.00018899819377902227,0.1495805213298666,0.1495805213298666
agnews,256,1024,basic_agnews_0-shot_litgpt,0,lm_llama3,no_adaptation,temp_scaling,test,[0.41578947 0.41508772 0.41508772 0.41508772 0.41508772],0.415 ± 0.000,0.41522807017543856,0.4150877192982456,0.0002807017543859702,0.4150877192982456,0.4150877192982456,[0.76727054 0.76137503 0.75897189 0.75898283 0.75901404],0.761 ± 0.003,0.7611228651974993,0.7590140406911831,0.003209706847215153,0.7589828304295552,0.7613750286581689,[0.08424828 0.10300747 0.13161371 0.13103509 0.12938484],0.116 ± 0.019,0.11585787919263466,0.12938484493126795,0.0191095386582927,0.10300746673497604,0.13103508760672478
agnews,256,1024,basic_agnews_0-shot_litgpt,0,lm_llama3,no_adaptation,bias_only,test,[0.31789474 0.32017544 0.31947368 0.31982456 0.32105263],0.320 ± 0.001,0.31968421052631574,0.3198245614035088,0.0010373154736206583,0.3194736842105263,0.3201754385964912,[0.42563598 0.42368146 0.4226146  0.42300707 0.42277456],0.424 ± 0.001,0.4235427325125662,0.42300706975666397,0.0011080966054709657,0.422774557283726,0.42368145921683936,[0.01887869 0.02251405 0.02127486 0.02119434 0.02163627],0.021 ± 0.001,0.02109964099222324,0.021274858019957897,0.0012050558173051697,0.02119433909077162,0.02163626640930049
agnews,256,1024,basic_agnews_0-shot_litgpt,0,lm_llama3,no_adaptation,affine_scalar,test,[0.31754386 0.32070175 0.31982456 0.31982456 0.32140351],0.320 ± 0.001,0.319859649122807,0.3198245614035088,0.0013006142451123328,0.3198245614035088,0.3207017543859649,[0.41873867 0.42120123 0.42183624 0.42078231 0.41981114],0.420 ± 0.001,0.42047391779276566,0.42078231146197775,0.0010890719416391014,0.4198111374607616,0.42120122693507317,[0.02634979 0.03203006 0.01795484 0.01932498 0.01922384],0.023 ± 0.005,0.022976703939115387,0.019324982333070798,0.005403317048613976,0.019223840984560522,0.026349790219920833
agnews,256,1024,basic_agnews_0-shot_litgpt,0,lm_llama3,lora,no_calibration,test,[0.16385965 0.21789474 0.12789474 0.1522807  0.13210526],0.159 ± 0.032,0.15880701754385967,0.15228070175438596,0.03233584154153786,0.13210526315789475,0.163859649122807,[0.2512167  0.3716759  0.20569016 0.24533255 0.22350284],0.259 ± 0.058,0.2594836316315627,0.2453325542298391,0.05838502518053083,0.2235028388640291,0.2512167032704537,[0.01807044 0.0415272  0.01422101 0.02709047 0.05037248],0.030 ± 0.014,0.030256319746993932,0.027090465608036057,0.013764752349522411,0.018070440996036448,0.04152720070212467
agnews,256,1024,basic_agnews_0-shot_litgpt,0,lm_llama3,lora,affine_scalar_train_on_val,test,[0.12368421 0.13719298 0.12614035 0.12894737 0.12280702],0.128 ± 0.005,0.12775438596491226,0.12614035087719297,0.0051799266891309065,0.12368421052631579,0.12894736842105262,[0.20236109 0.22960854 0.20250529 0.20709418 0.20056448],0.208 ± 0.011,0.20842671689197112,0.2025052906000449,0.010808472230420398,0.20236108517326046,0.20709418210765276,[0.01830561 0.01430995 0.01518647 0.0106274  0.01530677],0.015 ± 0.002,0.014747239414973412,0.015186472475747856,0.0024630179063405352,0.01430995042719169,0.015306767790449717
dbpedia,4,56,basic_dbpedia_0-shot_litgpt,0,lm_llama3,no_adaptation,no_calibration,test,[0.51089664 0.51183064 0.51089664 0.51183064 0.51183064],0.511 ± 0.000,0.5114570361145703,0.5118306351183063,0.00045756346378260837,0.5108966376089664,0.5118306351183063,[1.16767407 1.16707768 1.16767407 1.16709819 1.16722837],1.167 ± 0.000,1.1673504750584243,1.1672283661361227,0.000269222068674406,1.1670981948635697,1.1676740696207761,[0.15160809 0.15268979 0.15160809 0.15273382 0.15269528],0.152 ± 0.001,0.15226701433443351,0.1526897889629015,0.0005382243476022609,0.15160808889379035,0.15269528288054227
sst2,8,16,basic_sst2_0-shot_litgpt,0,lm_llama3,no_adaptation,no_calibration,test,[0.95794393 0.95794393 0.95794393 0.95794393 0.95794393],0.958 ± 0.000,0.9579439252336449,0.9579439252336449,0.0,0.9579439252336449,0.9579439252336449,[1.04728649 1.04784347 1.04728649 1.04698837 1.04606289],1.047 ± 0.001,1.0470935430176591,1.0472864896394376,0.000584833469730862,1.0469883747756954,1.0472864896394376,[0.29617934 0.29551802 0.29617934 0.29704305 0.29858281],0.297 ± 0.001,0.2967005085910543,0.29617933679881303,0.0010584813311630087,0.29617933679881303,0.2970430462066112
sst2,8,16,basic_sst2_0-shot_litgpt,0,lm_llama3,no_adaptation,temp_scaling,test,[0.95794393 0.95794393 0.95794393 0.95794393 0.95794393],0.958 ± 0.000,0.9579439252336449,0.9579439252336449,0.0,0.9579439252336449,0.9579439252336449,[0.91645916 0.95096023 0.89826098 0.89778246 0.94278425],0.921 ± 0.022,0.9212494173046741,0.9164591634297101,0.022129591169125603,0.8982609808058517,0.9427842505104795,[0.30758437 0.02906956 0.28889896 0.28812485 0.27777187],0.238 ± 0.105,0.2382899225890344,0.2881248505297878,0.10505093839347364,0.2777718681167531,0.2888989594882681
sst2,8,16,basic_sst2_0-shot_litgpt,0,lm_llama3,no_adaptation,bias_only,test,[0.44158879 0.68925234 0.26869159 0.26635514 0.42523364],0.418 ± 0.155,0.4182242990654205,0.4252336448598131,0.15458039982072241,0.2686915887850467,0.441588785046729,[0.68654635 0.76990458 0.64123523 0.63953388 0.68483933],0.684 ± 0.047,0.6844118726840976,0.6848393287029773,0.04731172762754648,0.6412352335457944,0.6865463470941948,[0.0946401  0.1240267  0.19191434 0.1919803  0.09640143],0.140 ± 0.044,0.13979257423080915,0.12402670201011308,0.04384138716683277,0.09640143080359431,0.19191433866647017
sst2,8,16,basic_sst2_0-shot_litgpt,0,lm_llama3,no_adaptation,affine_scalar,test,[0.38084112 0.51168224 0.26401869 0.29672897 0.46495327],0.384 ± 0.095,0.38364485981308405,0.38084112149532706,0.09473888521476029,0.29672897196261677,0.46495327102803735,[0.57403307 0.86863469 0.45914971 0.4890151  2.43594911],0.965 ± 0.749,0.9653563355760563,0.5740330701763382,0.7494368839890515,0.48901509711956875,0.8686346854310337,[0.03871644 0.15141118 0.05047953 0.01413701 0.22478481],0.096 ± 0.080,0.09590579118417171,0.05047952620078909,0.07963786831676616,0.03871643806547506,0.15141117746024121
sst2,8,16,basic_sst2_0-shot_litgpt,0,lm_llama3,lora,no_calibration,test,[0.17757009 0.22196262 0.17056075 0.1588785  0.21028037],0.188 ± 0.024,0.1878504672897196,0.17757009345794394,0.024127720828832872,0.1705607476635514,0.21028037383177572,[0.39839502 0.41708977 0.38928398 0.3648208  0.42331409],0.399 ± 0.021,0.398580729808456,0.3983950178262396,0.020883105530260727,0.3892839837342509,0.4170897661054537,[0.096761   0.07079467 0.09752065 0.09229326 0.07701504],0.087 ± 0.011,0.08687692373137107,0.0922932571191568,0.010919853389668199,0.07701503979292783,0.09676099783249655
sst2,8,16,basic_sst2_0-shot_litgpt,0,lm_llama3,lora,affine_scalar_train_on_val,test,[0.23831776 0.25934579 0.17990654 0.14719626 0.24299065],0.214 ± 0.043,0.21355140186915883,0.23831775700934582,0.042689927460023355,0.17990654205607476,0.2429906542056075,[0.42233873 0.71193667 0.854928   0.86638725 0.42896103],0.657 ± 0.197,0.656910335542692,0.7119366654435814,0.1965218512376594,0.42896103239152966,0.8549279963201308,[0.05061935 0.09305533 0.07642245 0.05750902 0.07860207],0.071 ± 0.015,0.07124164406035198,0.07642244864406705,0.015301745213264604,0.05750902260132331,0.07860206907935616
20newsgroups,4,80,basic_20newsgroups_0-shot_litgpt,0,lm_llama3,no_adaptation,no_calibration,test,[0.62301977 0.62301977 0.62301977 0.62301977 0.62301977],0.623 ± 0.000,0.6230197672788449,0.6230197672788449,0.0,0.6230197672788449,0.6230197672788449,[0.92638722 0.92638722 0.92638722 0.92638722 0.92638722],0.926 ± 0.000,0.9263872187743598,0.9263872187743597,1.1102230246251565e-16,0.9263872187743597,0.9263872187743597,[0.2879063 0.2879063 0.2879063 0.2879063 0.2879063],0.288 ± 0.000,0.28790629715806615,0.28790629715806615,0.0,0.28790629715806615,0.28790629715806615
20newsgroups,2,40,basic_20newsgroups_0-shot_litgpt,0,lm_llama3,no_adaptation,no_calibration,test,[0.62301977 0.62301977 0.62301977 0.62301977 0.62301977],0.623 ± 0.000,0.6230197672788449,0.6230197672788449,0.0,0.6230197672788449,0.6230197672788449,[0.92638722 0.92638722 0.92638722 0.92638722 0.92638722],0.926 ± 0.000,0.9263872187743598,0.9263872187743597,1.1102230246251565e-16,0.9263872187743597,0.9263872187743597,[0.2879063 0.2879063 0.2879063 0.2879063 0.2879063],0.288 ± 0.000,0.28790629715806615,0.28790629715806615,0.0,0.28790629715806615,0.28790629715806615
20newsgroups,2,40,basic_20newsgroups_0-shot_litgpt,0,lm_llama3,no_adaptation,temp_scaling,test,[0.62301977 0.62301977 0.62301977 0.62301977 0.62301977],0.623 ± 0.000,0.6230197672788449,0.6230197672788449,0.0,0.6230197672788449,0.6230197672788449,[0.70393193 0.72559295 0.68788869 0.71304368 0.69447237],0.705 ± 0.013,0.7049859220171021,0.7039319267639786,0.013368158967151515,0.694472365175083,0.7130436797949606,[0.06378314 0.1137838  0.0584762  0.0877974  0.10586233],0.086 ± 0.022,0.08594057440564587,0.08779739822135099,0.022003693896884252,0.06378314124841683,0.10586232681860783
20newsgroups,2,40,basic_20newsgroups_0-shot_litgpt,0,lm_llama3,no_adaptation,bias_only,test,[0.52334221 0.51731389 0.47511566 0.43263704 0.41693537],0.473 ± 0.043,0.4730688349922894,0.4751156596102622,0.04306953225759294,0.43263703911397733,0.5173138931725781,[0.57165558 0.56405458 0.52171793 0.5817873  0.47250106],0.542 ± 0.040,0.5423432892297261,0.5640545760863392,0.0404716239332183,0.5217179330165524,0.5716555786922279,[0.15556974 0.15655443 0.11771491 0.08399493 0.07586938],0.118 ± 0.034,0.11794067842714355,0.11771490913980454,0.0341447722772389,0.0839949291965176,0.15556974096925694
20newsgroups,2,40,basic_20newsgroups_0-shot_litgpt,0,lm_llama3,no_adaptation,affine_scalar,test,[0.51366886 0.51366886 0.44791813 0.40361699 0.38903687],0.454 ± 0.053,0.45358194308145244,0.4479181270152811,0.052755127613234955,0.4036169914481985,0.5136688630309828,[0.55359518 0.51756856 0.46458885 0.47423857 0.43860952],0.490 ± 0.041,0.4897201348281402,0.4742385712245082,0.040838979070273486,0.4645888472345142,0.5175685592320086,[0.15753636 0.04761964 0.02301022 0.05403874 0.10807892],0.078 ± 0.048,0.07805677637591638,0.05403874139923908,0.04848039257020695,0.047619640737447316,0.10807892314482048
20newsgroups,2,40,basic_20newsgroups_0-shot_litgpt,0,lm_llama3,lora,no_calibration,test,[0.65119865 0.57913921 0.56497967 0.52628628],0.580 ± 0.045,0.5804009533155754,0.5720594420300014,0.04522201000359781,0.555306322725361,0.5971540726202158,[1.00382345 0.83561782 0.95329839 0.73306291],0.881 ± 0.105,0.8814506422137725,0.8944581045722825,0.1051864662940804,0.8099790926420566,0.9659296541439985,[0.3175671  0.28764349 0.30094447 0.22002187],0.282 ± 0.037,0.2815442324715041,0.29429398165894205,0.037068244479844664,0.2707380828745002,0.305100131255946
20newsgroups,2,40,basic_20newsgroups_0-shot_litgpt,0,lm_llama3,lora,affine_scalar_train_on_val,test,[0.60325249 0.50385532 0.5450722  0.48520959],0.534 ± 0.045,0.5343473994111874,0.5244637599887845,0.04529686498023147,0.49919388756483946,0.5596172718351324,[0.74406784 0.73009002 0.6234465  0.57654191],0.669 ± 0.071,0.668536567001344,0.6767682579411161,0.07069287625743936,0.6117203504879578,0.7335844744545023,[0.16238061 0.19447166 0.07331976 0.11223731],0.136 ± 0.046,0.1356023322231854,0.13730895642079424,0.04638889276388556,0.10250791814192046,0.17040337050205917
dbpedia,4,56,basic_dbpedia_0-shot_litgpt,0,lm_llama3,no_adaptation,temp_scaling,test,[0.51183064 0.51183064 0.51183064],0.512 ± 0.000,0.5118306351183063,0.5118306351183063,0.0,0.5118306351183063,0.5118306351183063,[0.86166523 0.81380861 0.7936399 ],0.823 ± 0.029,0.8230379134615311,0.813808605020301,0.028527721602173886,0.8037242548171362,0.837736917885311,[0.1738065  0.227809   0.28281245],0.228 ± 0.045,0.22814265096703493,0.2278090045703685,0.0445021159612673,0.2008077531808426,0.2553107255548941
dbpedia,4,56,basic_dbpedia_0-shot_litgpt,0,lm_llama3,no_adaptation,bias_only,test,[0.26011831 0.21933375 0.21871108],0.233 ± 0.019,0.23272104607721045,0.2193337484433375,0.019374456221484728,0.21902241594022415,0.2397260273972603,[0.3564898  0.29987621 0.27434829],0.310 ± 0.034,0.31023810076747277,0.2998762056435663,0.03432524495782771,0.2871122489208068,0.32818300505218556,[0.07656597 0.08913702 0.09916301],0.088 ± 0.009,0.08828866492576098,0.08913701555893676,0.009244687620227886,0.08285149157716684,0.09415001359094302
dbpedia,4,56,basic_dbpedia_0-shot_litgpt,0,lm_llama3,no_adaptation,affine_scalar,test,[0.24003736 0.22478207 0.2241594 ],0.230 ± 0.007,0.22965960979659608,0.22478206724782068,0.007342579058243547,0.22447073474470736,0.23240971357409712,[0.28292883 0.32283606 0.27837379],0.295 ± 0.020,0.2947128959462248,0.28292883094912263,0.019972840430962393,0.2806513118816161,0.30288244751228244,[0.08413969 0.05313827 0.0500995 ],0.062 ± 0.015,0.06245915034244893,0.05313826690123637,0.015380566867836794,0.05161888241014767,0.06863897655414392
dbpedia,4,56,basic_dbpedia_0-shot_litgpt,0,lm_llama3,lora,no_calibration,test,0.187733499377335,0.188 ± 0.000,0.187733499377335,0.187733499377335,0.0,0.187733499377335,0.187733499377335,0.34620473322354256,0.346 ± 0.000,0.34620473322354256,0.34620473322354256,0.0,0.34620473322354256,0.34620473322354256,0.0650695497402472,0.065 ± 0.000,0.0650695497402472,0.0650695497402472,0.0,0.0650695497402472,0.0650695497402472
dbpedia,4,56,basic_dbpedia_0-shot_litgpt,0,lm_llama3,lora,affine_scalar_train_on_val,test,0.16251556662515565,0.163 ± 0.000,0.16251556662515565,0.16251556662515565,0.0,0.16251556662515565,0.16251556662515565,0.2085526734061288,0.209 ± 0.000,0.2085526734061288,0.2085526734061288,0.0,0.2085526734061288,0.2085526734061288,0.04283209832931832,0.043 ± 0.000,0.04283209832931832,0.04283209832931832,0.0,0.04283209832931832,0.04283209832931832
